time,stock,paired_shares,imbalance_shares,imbalance_direction,imbalance_ratio,signed_imbalance,near_reference_deviation,far_price,near_price,reference_price,signal
0 days 09:29:59.137953381,INKAW,1,26199,B,0.9999618320610687,0.9999618320610687,0.0006583278472678669,0.152,0.152,0.1519,1
0 days 09:29:59.139184363,GIACW,1,199,B,0.995,0.995,0.012500000000000011,0.33,0.324,0.32,1
0 days 09:29:59.088187541,NWFL,13,637,B,0.98,0.98,0.005035971223021603,27.94,27.94,27.8,1
0 days 09:29:59.021820198,HOTH,414,7457,B,0.9474018549104307,0.9474018549104307,0.00962671905697449,0.529,0.5139,0.509,1
0 days 09:29:59.037382258,DWMC,126,1744,B,0.932620320855615,0.932620320855615,0.016260162601626084,35.0,35.0,34.44,1
0 days 09:29:59.202193601,MOHO,1806,23633,B,0.9290066433428987,0.9290066433428987,0.02305475504322769,0.18,0.1775,0.1735,1
0 days 09:29:59.059224570,BEATW,300,3700,B,0.925,0.925,0.00027034333603673694,0.37,0.37,0.3699,1
0 days 09:29:59.294095615,CETX,1518,16430,B,0.9154223311789614,0.9154223311789614,0.03727714748784444,0.32,0.32,0.3085,1
0 days 09:29:59.191002165,FTXG,1072,8376,B,0.88653683319221,0.88653683319221,0.0025325615050651334,0.0,27.71,27.64,1
0 days 09:29:59.087583582,RGLS,1553,11041,B,0.8766873114181356,0.8766873114181356,0.0053317535545022755,0.17,0.1697,0.1688,1
0 days 09:29:59.141710350,LILMW,1426,9302,B,0.8670768083519761,0.8670768083519761,0.051859099804305274,0.43,0.43,0.4088,1
0 days 09:29:59.121120664,RVAC,58,350,B,0.8578431372549019,0.8578431372549019,0.001007049345417904,12.72,9.94,9.93,1
0 days 09:29:59.167460693,XCUR,13554,81007,B,0.85666395236937,0.85666395236937,0.0075566750629722755,0.12,0.12,0.1191,1
0 days 09:29:59.215086478,INPX,4753,27333,B,0.8518668578196098,0.8518668578196098,0.02505694760820048,0.227,0.225,0.2195,1
0 days 09:29:59.199168467,NVNO,90,459,B,0.8360655737704918,0.8360655737704918,0.011494252873563383,4.4,4.4,4.35,1
0 days 09:29:59.115739775,HYDR,247,1218,B,0.8313993174061434,0.8313993174061434,0.0007087172218284754,14.12,14.12,14.11,1
0 days 09:29:59.168831330,ONBPO,64,304,B,0.8260869565217391,0.8260869565217391,0.0019615535504119543,25.57,25.54,25.49,1
0 days 09:29:59.266476687,VEON,20503,87121,B,0.8094941648702891,0.8094941648702891,0.014760147601476026,0.55,0.55,0.542,1
0 days 09:29:59.163243768,ALNA,14502,60179,B,0.8058140624790777,0.8058140624790777,0.06589147286821706,0.115,0.11,0.1032,1
0 days 09:29:59.027912162,RGCO,26,106,B,0.803030303030303,0.803030303030303,0.0009569377990432118,20.99,20.92,20.9,1
0 days 09:29:59.114242312,NDRA,3469,11664,B,0.7707658759003502,0.7707658759003502,0.01694915254237287,0.228,0.228,0.2242,1
0 days 09:29:59.018528573,BFIIW,126,374,B,0.748,0.748,0.00020004000800157828,0.5,0.5,0.4999,1
0 days 09:29:59.147768563,RIBT,1220,3605,B,0.7471502590673575,0.7471502590673575,0.023255813953488393,0.45,0.44,0.43,1
0 days 09:29:59.046703711,QTNT,5784,15763,B,0.731563558732074,0.731563558732074,0.029126213592233035,0.56,0.53,0.515,1
0 days 09:29:59.251792499,EVMT,350,811,B,0.6985357450473729,0.6985357450473729,0.0007339449541284248,28.71,27.27,27.25,1
0 days 09:29:59.219841151,BAOS,60727,139523,B,0.6967440699126093,0.6967440699126093,0.0005457522284884082,0.55,0.55,0.5497,1
0 days 09:29:59.263538782,MNSB,206,473,B,0.6966126656848306,0.6966126656848306,0.006868686868686937,24.92,24.92,24.75,1
0 days 09:29:59.221639140,NCTY,536,1166,B,0.6850763807285546,0.6850763807285546,0.005617977528089893,1.79,1.79,1.78,1
0 days 09:29:59.160889963,PIXY,1173,2503,B,0.6809031556039173,0.6809031556039173,0.019721577726218072,0.2736,0.2637,0.2586,1
0 days 09:29:59.154110546,DBGI,10930,22948,B,0.6773717456756597,0.6773717456756597,0.061026352288488295,0.23,0.2295,0.2163,1
0 days 09:29:59.015375270,AXDX,1707,3175,B,0.6503482179434658,0.6503482179434658,0.012914661939731703,0.8,0.8,0.7898,1
0 days 09:29:59.144812501,ORGS,415,764,B,0.6480067854113656,0.6480067854113656,0.015624999999999944,3.25,3.25,3.2,1
0 days 09:29:59.247254348,BHAT,6786,12094,B,0.6405720338983051,0.6405720338983051,0.054201527828301295,0.2898,0.2898,0.2749,1
0 days 09:29:59.004247301,BWV,411,671,B,0.6201478743068392,0.6201478743068392,0.005434782608695656,3.7,3.7,3.68,1
0 days 09:29:59.088794592,PIZ,2059,3171,B,0.6063097514340344,0.6063097514340344,0.0006763611768684333,29.59,29.59,29.57,1
0 days 09:29:59.267908251,AKBA,33378,50704,B,0.6030303751100117,0.6030303751100117,0.006535947712418306,0.39,0.385,0.3825,1
0 days 09:29:59.014978154,CASI,4971,7487,B,0.6009792904157971,0.6009792904157971,0.005392156862745185,0.43,0.4102,0.408,1
0 days 09:29:59.216369060,EMIF,336,502,B,0.5990453460620525,0.5990453460620525,0.0305594734367655,29.59,21.92,21.27,1
0 days 09:29:59.069096402,HYZD,212,313,B,0.5961904761904762,0.5961904761904762,0.0019047619047618642,21.1,21.04,21.0,1
0 days 09:29:59.132402324,WSBCP,99,142,B,0.5892116182572614,0.5892116182572614,0.0023076923076922585,26.06,26.06,26.0,1
0 days 09:29:59.267977236,AEI,7785,9963,B,0.5613590263691683,0.5613590263691683,0.01003344481605349,0.3641,0.3624,0.3588,1
0 days 09:29:59.118532372,VLDRW,1000,1242,B,0.5539696699375558,0.5539696699375558,0.16225864027259468,0.79,0.7163,0.6163,1
0 days 09:29:59.065351168,VRNA,889,1087,B,0.5501012145748988,0.5501012145748988,0.023872679045092802,3.89,3.86,3.77,1
0 days 09:29:59.198022357,PTE,18748,22573,B,0.5462839718303042,0.5462839718303042,0.02275449101796406,0.1718,0.1708,0.167,1
0 days 09:29:59.070930654,MNTSW,980,1107,B,0.5304264494489698,0.5304264494489698,0.027667984189723344,0.52,0.52,0.506,1
0 days 09:29:59.056617868,LOV,1207,1294,B,0.5173930427828869,0.5173930427828869,0.00896860986547086,2.25,2.25,2.23,1
0 days 09:29:59.217088772,BSCQ,16588,17777,B,0.5172995780590718,0.5172995780590718,0.00102933607822952,19.46,19.45,19.43,1
0 days 09:29:59.048178002,VR,208,216,B,0.5094339622641509,0.5094339622641509,0.0008775778850372784,22.95,22.81,22.79,1
0 days 09:29:59.199262700,SIOX,1486,1532,B,0.5076209410205434,0.5076209410205434,0.004642857142857028,0.2813,0.2813,0.28,1
0 days 09:29:59.089918120,IPW,5783,5614,B,0.49258576818461,0.49258576818461,0.02380952380952383,1.3,1.29,1.26,1
0 days 09:29:59.000113104,DWSH,838,762,B,0.47625,0.47625,0.001039501039501202,9.88,9.63,9.62,1
0 days 09:29:59.070664558,UMMA,648,568,B,0.46710526315789475,0.46710526315789475,0.006144393241167304,19.74,19.65,19.53,1
0 days 09:29:59.319852142,LCAPW,1617,1383,B,0.461,0.461,0.12672137988593696,0.86,0.81,0.7189,1
0 days 09:29:59.158210958,OTRK,2536,1985,B,0.4390621543906215,0.4390621543906215,0.00724637681159421,1.39,1.39,1.38,1
0 days 09:29:59.138926726,ARCE,363,284,B,0.43894899536321486,0.43894899536321486,0.0005555555555556424,18.01,18.01,18.0,1
0 days 09:29:59.096014151,FTRP,2060,1587,B,0.43515217987386895,0.43515217987386895,0.013352408202193595,0.85,0.85,0.8388,1
0 days 09:29:59.319154919,KTRA,64459,48727,B,0.4305037725513756,0.4305037725513756,0.019786910197869177,0.21,0.201,0.1971,1
0 days 09:29:59.309021370,FTAIP,3589,2581,B,0.41831442463533225,0.41831442463533225,0.0008254230293024999,24.35,24.25,24.23,1
0 days 09:29:59.054884676,ELMS,2598,1737,B,0.4006920415224913,0.4006920415224913,0.012373453318335233,0.81,0.81,0.8001,1
0 days 09:29:59.131079716,CRBP,14346,9120,B,0.38864740475581694,0.38864740475581694,0.02007899934167213,0.3099,0.3099,0.3038,1
0 days 09:29:59.042439932,BYSI,1040,635,B,0.37910447761194027,0.37910447761194027,0.006329113924050638,1.59,1.59,1.58,1
0 days 09:29:59.315461344,VERB,5262,3033,B,0.36564195298372515,0.36564195298372515,0.0031545741324921165,0.636,0.636,0.634,1
0 days 09:29:59.314580791,GEG,1514,830,B,0.35409556313993173,0.35409556313993173,0.017964071856287442,1.7,1.7,1.67,1
0 days 09:29:59.304118708,CLLS,3924,1980,B,0.3353658536585366,0.3353658536585366,0.0031347962382445864,3.22,3.2,3.19,1
0 days 09:29:59.023093948,COCP,3366,1657,B,0.32988254031455305,0.32988254031455305,0.02966507177033498,0.44,0.4304,0.418,1
0 days 09:29:59.080885163,EBTC,122,59,B,0.3259668508287293,0.3259668508287293,0.0026785714285713184,33.69,33.69,33.6,1
0 days 09:29:59.194334114,TMDI,14255,6731,B,0.32073763461355187,0.32073763461355187,0.05907407407407394,0.5719,0.5719,0.54,1
0 days 09:29:59.036911573,MDGS,6667,2925,B,0.3049416180150125,0.3049416180150125,0.013071895424836612,0.93,0.93,0.918,1
0 days 09:29:59.055625457,SARK,36381,15852,B,0.30348630176325314,0.30348630176325314,0.00015151515151522904,66.01,66.01,66.0,1
0 days 09:29:59.097276543,NUZE,579,252,B,0.30324909747292417,0.30324909747292417,0.012195121951219523,1.72,1.66,1.64,1
0 days 09:29:59.032930327,CLXT,15526,6592,B,0.2980377972691925,0.2980377972691925,0.007999999999999972,0.33,0.3276,0.325,1
0 days 09:29:59.282765106,VRTS,837,353,B,0.2966386554621849,0.2966386554621849,0.0010996643129991765,172.97,172.97,172.78,1
0 days 09:29:59.013134370,BSRR,370,153,B,0.2925430210325048,0.2925430210325048,0.0004574565416286168,21.92,21.87,21.86,1
0 days 09:29:59.020194393,GOCO,7870,2941,B,0.27203773933956155,0.27203773933956155,0.0008347245409015651,0.72,0.7194,0.7188,1
0 days 09:29:59.280731133,DJCO,264,96,B,0.26666666666666666,0.26666666666666666,0.003740157480314916,254.95,254.95,254.0,1
0 days 09:29:59.028598965,SLDB,32651,11082,B,0.25340132165641505,0.25340132165641505,0.0031004924311508935,0.55,0.55,0.5483,1
0 days 09:29:59.014829348,TIGO,476,158,B,0.24921135646687698,0.24921135646687698,0.0014648437500000555,20.53,20.51,20.48,1
0 days 09:29:59.320362964,FAMI,160641,53285,B,0.24908145807428736,0.24908145807428736,0.024590163934426222,0.1,0.1,0.0976,1
0 days 09:29:59.174086238,SRGA,22172,7170,B,0.24435962102106196,0.24435962102106196,0.010638297872340519,0.2,0.1995,0.1974,1
0 days 09:29:59.005051346,SSIC,1153,365,B,0.24044795783926218,0.24044795783926218,0.003344481605351099,9.0,9.0,8.97,1
0 days 09:29:59.074704558,SOUN,1441,452,B,0.2387744321183307,0.2387744321183307,0.0029673590504450406,13.53,13.52,13.48,1
0 days 09:29:59.111615323,NCNA,3058,926,B,0.232429718875502,0.232429718875502,0.0001449485432671242,0.69,0.69,0.6899,1
0 days 09:29:59.031640666,CNTB,6147,1788,B,0.22533081285444234,0.22533081285444234,0.013114754098360668,0.618,0.618,0.61,1
0 days 09:29:59.163010257,FCVT,682,196,B,0.22323462414578588,0.22323462414578588,0.0026439482961223095,34.16,34.13,34.04,1
0 days 09:29:59.029738082,SFST,340,85,S,0.2,-0.2,-0.001337792642140519,44.79,44.79,44.85,-1
0 days 09:29:59.013868371,BBIG,145614,36660,S,0.20112577767536785,-0.20112577767536785,-0.00946372239747628,3.14,3.14,3.17,-1
0 days 09:29:59.249106394,EXAS,14930,3981,S,0.2105124001903654,-0.2105124001903654,-0.002256487401278628,52.94,53.06,53.18,-1
0 days 09:29:59.025039634,TMC,25132,7271,S,0.22439280313551213,-0.22439280313551213,-0.006849315068493157,1.44,1.45,1.46,-1
0 days 09:29:59.095394342,GOEV,19924,5806,S,0.22565099106101827,-0.22565099106101827,-0.0023255813953487877,4.29,4.29,4.3,-1
0 days 09:29:59.099645782,BSQR,3334,999,S,0.23055619663051005,-0.23055619663051005,-0.007874015748031503,1.26,1.26,1.27,-1
0 days 09:29:59.245782776,WTER,24817,7476,S,0.2315052797819961,-0.2315052797819961,-0.009312462849217431,0.5,0.5,0.5047,-1
0 days 09:29:59.231235831,ISTR,1287,395,S,0.2348394768133175,-0.2348394768133175,-0.000505050505050584,19.78,19.79,19.8,-1
0 days 09:29:59.072379054,TZOO,1624,531,S,0.24640371229698377,-0.24640371229698377,-0.005925925925925931,6.71,6.71,6.75,-1
0 days 09:29:59.311846229,KOSS,1004,333,S,0.24906507105459985,-0.24906507105459985,-0.005000000000000042,5.97,5.97,6.0,-1
0 days 09:29:59.193407314,AGLE,1898,656,S,0.2568519968676586,-0.2568519968676586,-0.014492753623188259,1.36,1.36,1.38,-1
0 days 09:29:59.304916597,AGEN,24514,8589,S,0.25946288855994926,-0.25946288855994926,-0.012269938650306624,1.61,1.61,1.63,-1
0 days 09:29:59.326209515,BCOV,1565,573,S,0.26800748362956034,-0.26800748362956034,-0.0029069767441859845,6.83,6.86,6.88,-1
0 days 09:29:59.282554803,CPTN,2173,797,S,0.26835016835016834,-0.26835016835016834,-0.0035714285714284954,2.79,2.79,2.8,-1
0 days 09:29:59.163150162,MEIP,8308,3104,S,0.2719943918682089,-0.2719943918682089,-0.0021052631578947,0.555,0.5688,0.57,-1
0 days 09:29:59.218989423,ABST,479,187,S,0.2807807807807808,-0.2807807807807808,-0.0014245014245013942,7.01,7.01,7.02,-1
0 days 09:29:59.114851160,SNAX,2345,927,S,0.2833129584352078,-0.2833129584352078,-0.006024096385542174,0.82,0.825,0.83,-1
0 days 09:29:59.218147927,LBRDA,711,299,S,0.296039603960396,-0.296039603960396,-9.110787172016322e-05,109.75,109.75,109.76,-1
0 days 09:29:59.130797677,BUG,46697,19702,S,0.29672133616470125,-0.29672133616470125,-0.0011547344110854941,25.82,25.95,25.98,-1
0 days 09:29:59.198180894,WTRH,52217,22426,S,0.30044344412737967,-0.30044344412737967,-0.01900452488687787,0.2168,0.2168,0.221,-1
0 days 09:29:59.176662237,ICLN,233006,106146,S,0.31297471340284,-0.31297471340284,-0.0011086474501108411,18.02,18.02,18.04,-1
0 days 09:29:59.052193494,SKYX,409,189,S,0.31605351170568563,-0.31605351170568563,-0.003980099502487654,10.01,10.01,10.05,-1
0 days 09:29:59.289341810,CHNG,2776,1369,S,0.33027744270205067,-0.33027744270205067,-0.00042844901456733347,23.32,23.33,23.34,-1
0 days 09:29:59.143000571,VORB,2027,1080,S,0.3476021886063727,-0.3476021886063727,-0.005813953488372141,5.13,5.13,5.16,-1
0 days 09:29:59.302861999,HTGM,14679,8496,S,0.3666019417475728,-0.3666019417475728,-0.01492537313432837,0.66,0.66,0.67,-1
0 days 09:29:59.012662417,EOSE,7816,4529,S,0.3668691778047793,-0.3668691778047793,-0.0049261083743841316,2.02,2.02,2.03,-1
0 days 09:29:59.175012048,ARAV,968,602,S,0.3834394904458599,-0.3834394904458599,-0.014388489208632947,1.33,1.37,1.39,-1
0 days 09:29:59.113335875,CTIC,75358,48969,S,0.3938726101329558,-0.3938726101329558,-0.008869179600886927,4.46,4.47,4.51,-1
0 days 09:29:59.023221834,GRNQ,12977,8511,S,0.39608153387937456,-0.39608153387937456,-0.021136363636363578,0.41,0.4307,0.44,-1
0 days 09:29:59.051958460,ITRM,7634,5143,S,0.4025201534006418,-0.4025201534006418,-0.010309278350515474,0.24,0.24,0.2425,-1
0 days 09:29:59.303568596,CLVR,6757,4595,S,0.4047744890768147,-0.4047744890768147,-0.007575757575757582,1.3,1.31,1.32,-1
0 days 09:29:59.241553692,CNSP,1145,794,S,0.40948942753996903,-0.40948942753996903,-0.0044958253050738995,0.31,0.31,0.3114,-1
0 days 09:29:59.176338666,FNHC,1638,1276,S,0.4378860672614962,-0.4378860672614962,-0.13043478260869565,0.38,0.38,0.437,-1
0 days 09:29:59.155522919,IMPP,22950,17992,S,0.4394509305847296,-0.4394509305847296,-0.0068704912401236756,0.8673,0.8673,0.8733,-1
0 days 09:29:59.040343592,DMLP,663,539,S,0.44841930116472545,-0.44841930116472545,-0.0018761726078798185,26.42,26.6,26.65,-1
0 days 09:29:59.019856465,IDEX,45337,37656,S,0.45372501295289963,-0.45372501295289963,-0.021111111111111077,0.61,0.6167,0.63,-1
0 days 09:29:59.253670352,MKD,10060,8767,S,0.46566101874966803,-0.46566101874966803,-0.028596961572832837,0.1087,0.1087,0.1119,-1
0 days 09:29:59.215540716,RDBX,11895,12265,S,0.5076572847682119,-0.5076572847682119,-0.013157894736842117,6.0,6.0,6.08,-1
0 days 09:29:59.161875135,OMEX,606,632,S,0.5105008077544426,-0.5105008077544426,-0.00733944954128441,5.41,5.41,5.45,-1
0 days 09:29:59.050198221,BTRS,2067,2247,S,0.5208623087621697,-0.5208623087621697,-0.0050847457627119065,5.87,5.87,5.9,-1
0 days 09:29:59.198914022,FAAR,1335,1514,S,0.5314145314145314,-0.5314145314145314,-0.0005863383172089129,33.79,34.09,34.11,-1
0 days 09:29:59.131620234,PEPG,1519,1921,S,0.5584302325581395,-0.5584302325581395,-0.006488240064882406,12.01,12.25,12.33,-1
0 days 09:29:59.255503893,GNCA,10686,13863,S,0.56470732005377,-0.56470732005377,-0.00047596382674924674,0.2,0.21,0.2101,-1
0 days 09:29:59.119705784,ENSC,2494,3313,S,0.5705183399345617,-0.5705183399345617,-0.01459854014598528,0.8,0.81,0.822,-1
0 days 09:29:59.053703962,DTSS,334,486,S,0.5926829268292683,-0.5926829268292683,-0.006896551724137937,2.87,2.88,2.9,-1
0 days 09:29:59.066254502,CVT,1667,2588,S,0.6082256169212691,-0.6082256169212691,-0.001724137931034446,5.79,5.79,5.8,-1
0 days 09:29:59.155232194,IMV,858,1355,S,0.6122910076818798,-0.6122910076818798,-0.009433962264150952,1.05,1.05,1.06,-1
0 days 09:29:59.236987276,PME,3210,5276,S,0.6217299080839029,-0.6217299080839029,-0.033152173913043564,0.8805,0.8895,0.92,-1
0 days 09:29:59.111001391,CSCW,47686,78552,S,0.6222532042649599,-0.6222532042649599,-0.008264462809917363,0.12,0.12,0.121,-1
0 days 09:29:59.198107283,ONVO,326,582,S,0.6409691629955947,-0.6409691629955947,-0.01930501930501924,2.54,2.54,2.59,-1
0 days 09:29:59.004274445,SNES,875,1690,S,0.6588693957115009,-0.6588693957115009,-0.03017543859649122,0.541,0.5528,0.57,-1
0 days 09:29:59.174877296,REVHW,923,1817,S,0.6631386861313868,-0.6631386861313868,-0.16826666666666665,0.2911,0.3119,0.375,-1
0 days 09:29:59.047438880,TCBP,451,898,S,0.6656782802075611,-0.6656782802075611,-0.042253521126760445,1.35,1.36,1.42,-1
0 days 09:29:59.143974596,BBI,11799,23677,S,0.6674089525312887,-0.6674089525312887,-0.009036144578313213,0.2303,0.2303,0.2324,-1
0 days 09:29:59.291132197,ATRI,97,196,S,0.6689419795221843,-0.6689419795221843,-0.0003943217665615142,633.75,633.75,634.0,-1
0 days 09:29:59.071182981,LKCO,1875,3905,S,0.6756055363321799,-0.6756055363321799,-0.01064718162839247,0.4725,0.4739,0.479,-1
0 days 09:29:59.247590820,RNWK,2409,5248,S,0.6853859213791302,-0.6853859213791302,-0.008716458725004263,0.56,0.58,0.5851,-1
0 days 09:29:59.218254818,PALI,26211,58905,S,0.6920555477231073,-0.6920555477231073,-0.01004124081047147,0.5521,0.5521,0.5577,-1
0 days 09:29:59.009921426,IDRA,466,1075,S,0.6975989617131733,-0.6975989617131733,-0.0024330900243309025,0.41,0.41,0.411,-1
0 days 09:29:59.218350328,ENLV,1796,4576,S,0.7181418706842435,-0.7181418706842435,-0.017897091722595095,4.34,4.39,4.47,-1
0 days 09:29:59.014568172,SCPH,1460,3893,S,0.7272557444423687,-0.7272557444423687,-0.0060000000000000496,4.91,4.97,5.0,-1
0 days 09:29:59.107574991,CPOP,400,1074,S,0.728629579375848,-0.728629579375848,-0.016393442622950834,0.9,0.9,0.915,-1
0 days 09:29:59.015693347,BTB,2945,8244,S,0.7367950665832514,-0.7367950665832514,-0.027027027027027053,0.36,0.36,0.37,-1
0 days 09:29:59.042161317,SSTI,119,352,S,0.7473460721868365,-0.7473460721868365,-0.005709935287400022,26.11,26.12,26.27,-1
0 days 09:29:59.045953181,MARPS,310,1069,S,0.7751994198694706,-0.7751994198694706,-0.0013054830287205987,7.6,7.65,7.66,-1
0 days 09:29:59.034074150,OXLCL,80,300,S,0.7894736842105263,-0.7894736842105263,-0.004372019077901408,25.05,25.05,25.16,-1
0 days 09:29:59.118912469,NRXP,317,1470,S,0.8226077224398433,-0.8226077224398433,-0.013245033112582794,1.49,1.49,1.51,-1
0 days 09:29:59.142801513,SCPS,80,389,S,0.8294243070362474,-0.8294243070362474,-0.008438818565400852,0.47,0.47,0.474,-1
0 days 09:29:59.315865453,EZGO,55,317,S,0.8521505376344086,-0.8521505376344086,-0.027586206896551748,0.846,0.846,0.87,-1
0 days 09:29:59.000399605,PBTS,772,4770,S,0.8607001082641645,-0.8607001082641645,-0.006535947712418307,0.2999,0.304,0.306,-1
0 days 09:29:59.114078507,SESN,37010,348850,S,0.9040843829368165,-0.9040843829368165,-0.002737583105201324,0.51,0.51,0.5114,-1
0 days 09:29:59.157412563,MYNZ,94,1144,S,0.9240710823909531,-0.9240710823909531,-0.022950819672131098,11.92,11.92,12.2,-1
0 days 09:29:59.026832332,SNAXW,299,3701,S,0.92525,-0.92525,-0.15789473684210534,0.0736,0.0736,0.0874,-1
0 days 09:29:59.144329393,PEZ,43,612,S,0.934351145038168,-0.934351145038168,-0.00014630577907814054,68.29,68.34,68.35,-1
0 days 09:29:59.111359021,UG,18,306,S,0.9444444444444444,-0.9444444444444444,-0.0031071983428274845,19.23,19.25,19.31,-1
0 days 09:29:59.311608588,BSBE,101,1855,S,0.9483640081799591,-0.9483640081799591,-0.003322259136212554,23.85,24.0,24.08,-1
0 days 09:29:59.040696682,GOODN,15,377,S,0.9617346938775511,-0.9617346938775511,-0.0003968253968253179,25.19,25.19,25.2,-1
0 days 09:29:59.260621518,JAN,34,1248,S,0.9734789391575663,-0.9734789391575663,-0.030303030303030234,2.24,2.24,2.31,-1
0 days 09:29:59.198502575,DRMA,3,180,S,0.9836065573770492,-0.9836065573770492,-0.010588497547926831,0.87,0.8877,0.8972,-1
0 days 09:29:59.111676406,CREG,12,1823,S,0.9934604904632153,-0.9934604904632153,-0.0175824175824176,4.45,4.47,4.55,-1
0 days 09:29:59.248860132,TIRX,1,258,S,0.9961389961389961,-0.9961389961389961,-0.012987012987012998,0.75,0.76,0.77,-1
0 days 09:29:59.053369086,GRAY,3,7820,S,0.999616515403298,-0.999616515403298,-0.054084130870242574,0.8318,0.85,0.8986,-1
